{
  "number": 25,
  "value": 0.1232841991430069,
  "params": {
    "num_leaves": 207,
    "max_depth": 16,
    "learning_rate": 0.08319031011701257,
    "feature_fraction": 0.9472383199652197,
    "bagging_fraction": 0.7445679032876682,
    "bagging_freq": 4,
    "min_data_in_leaf": 104,
    "lambda_l1": 3.282484001797043,
    "lambda_l2": 0.020757458522633266,
    "min_gain_to_split": 2.231918931008913
  }
}